Date,Open,High,Close,Low,Trades,Change,Company
10/30/2025,111.94,113.5801,112.62,109.55,36977913,0.6074682866,DIS
10/23/2025,111.03,114.5395,111.68,110.6,36960469,0.585427362,DIS
10/16/2025,110.39,112.675,110.67,108.51,39967311,0.2536461636,DIS
10/9/2025,112.69,113.4,109.19,109.11,34763033,-3.105865649,DIS
10/2/2025,113.47,116.059,112.47,110.775,44187657,-0.8812902089,DIS
9/25/2025,111.76,114.1499,113.47,111.52,49891342,1.530064424,DIS
9/18/2025,116.11,116.75,113.76,111.93,54188619,-2.023942813,DIS
9/11/2025,117.96,119.05,115.96,114.495,35419740,-1.695489997,DIS
9/4/2025,117.02,119.78,117.91,115.9965,25828553,0.7605537515,DIS
8/28/2025,118.49,119.05,118.38,116.61,26490608,-0.09283483838,DIS
8/21/2025,115.19,119.775,118.86,115.16,32257793,3.186040455,DIS
8/14/2025,112.91,117.23,115.39,111.54,38403204,2.196439642,DIS
8/7/2025,117.725,119.57,112.43,111.82,71339826,-4.497770227,DIS
7/31/2025,121.03,121.4,116.59,115.57,33480175,-3.668511939,DIS
7/24/2025,121.07,123.4,121.47,120.56,32624694,0.3303873792,DIS
7/17/2025,119.775,122.39,121.42,118.875,40964931,1.373408474,DIS
7/10/2025,123.21,124.61,119.87,119.73,33377144,-2.710818927,DIS
7/2/2025,124.31,124.69,124,122.45,34841243,-0.2493765586,DIS
6/26/2025,116.66,122.94,122.34,115.02,47549690,4.868849649,DIS
6/19/2025,118.02,120.3416,117.63,116.84,44194857,-0.3304524657,DIS
6/12/2025,113.98,120.5,117.94,113.98,58533255,3.474293736,DIS
6/5/2025,112.68,114.69,113.9,111.8435,37241353,1.082712105,DIS
5/29/2025,111.025,113.35,113.04,110.15,38553866,1.814906553,DIS
5/22/2025,112.12,113.4,109.72,108.78,39783377,-2.140563682,DIS
5/15/2025,109.87,113.44,113.42,108.66,67078950,3.23109129,DIS
10/30/2025,387.7,390.005,379.59,375.0101,14318815,-2.091823575,HD
10/23/2025,391.41,393.63,386.68,381.295,13119116,-1.208451496,HD
10/16/2025,379.07,394.37,391.9,377.19,16457440,3.384599151,HD
10/9/2025,394.5,394.5,375.75,374.7795,14990853,-4.752851711,HD
10/2/2025,410.05,410.945,395.06,392.63,15924161,-3.65565175,HD
9/25/2025,414.11,414.88,410.09,405.01,13345430,-0.9707565623,HD
9/18/2025,422.47,426.75,415.69,415.1,23779008,-1.604847681,HD
9/11/2025,418.5,425.2199,422.69,411.735,20477043,1.001194743,HD
9/4/2025,403.68,420.4,418.95,402.75,16024017,3.782699168,HD
8/28/2025,410.36,411.69,406.77,404.7069,15510600,-0.8748416025,HD
8/21/2025,396.57,414.5,412.79,392.51,24459312,4.090072371,HD
8/14/2025,389.98,407.82,399.38,383.2975,18146766,2.410380019,HD
8/7/2025,374.84,391.45,387.85,373.69,13348913,3.470814214,HD
7/31/2025,373.74,381.08,373.66,365.75,16204798,-0.02140525499,HD
7/24/2025,360.72,377.88,375.34,359.84,15146685,4.053005101,HD
7/17/2025,370.475,371.29,359.4,352.46,17101031,-2.989405493,HD
7/10/2025,371,377.9448,370.07,364.7262,16121392,-0.2506738544,HD
7/2/2025,369.28,379.69,371.68,362.95,15339071,0.6499133449,HD
6/26/2025,349.97,370.1532,368.74,348.52,20803611,5.363316856,HD
6/19/2025,355.88,357.105,349.62,345.8,20429425,-1.759019894,HD
6/12/2025,367.32,369.14,354.66,352.8,15714548,-3.446586083,HD
6/5/2025,365.15,375.37,367.33,361.835,12970543,0.5970149254,HD
5/29/2025,365.89,371.15,368.29,364.06,14130268,0.6559348438,HD
5/22/2025,374.19,389.75,362.71,361.15,20754238,-3.067960127,HD
5/15/2025,375,381.17,380.78,370.8255,15105914,1.541333333,HD
10/30/2025,307.8,319.35,307.41,301.63,32440643,-0.126705653,IBM
10/23/2025,281.25,310.75,307.46,263.5623,51704434,9.319111111,IBM
10/16/2025,279.79,285.45,281.28,272.5469,19005226,0.5325422638,IBM
10/9/2025,288.61,301.0425,277.82,277.5,24789984,-3.738609196,IBM
10/2/2025,286,293.32,288.37,279.66,24519701,0.8286713287,IBM
9/25/2025,266.62,288.85,284.31,266,34154715,6.634911109,IBM
9/18/2025,254.02,267.87,266.4,254,25569601,4.873631997,IBM
9/11/2025,248.63,260.66,253.44,247.02,24066143,1.934601617,IBM
9/4/2025,240.9,249.28,248.53,238.25,14538355,3.167289332,IBM
8/28/2025,242.565,245.96,243.49,239.43,18386656,0.3813410838,IBM
8/21/2025,239.57,243.68,242.09,238.65,16264747,1.051884627,IBM
8/14/2025,242.24,243.15,239.72,233.36,32747166,-1.040290621,IBM
8/7/2025,251.05,255,242.27,241.65,27875384,-3.497311293,IBM
7/31/2025,260.3,265.7999,250.05,245.61,29960567,-3.937764118,IBM
7/24/2025,286.29,288.08,259.72,252.75,46388289,-9.28079919,IBM
7/17/2025,282.83,287.16,285.87,279.87,16341671,1.074850617,IBM
7/10/2025,292.5,295.61,283.59,282.21,17664449,-3.046153846,IBM
7/2/2025,290.93,295.1081,291.97,286.9,11878987,0.3574743065,IBM
6/26/2025,281.65,296.16,289.7,280.21,19051199,2.858157287,IBM
6/19/2025,279.305,286.91,280.97,277.2,17965949,0.5961225184,IBM
6/12/2025,268.1,283.06,277.22,266.71,20812836,3.401715778,IBM
6/5/2025,257.85,270.17,268.87,257.22,13070565,4.273802598,IBM
5/29/2025,261,265,259.06,256.77,17566804,-0.7432950192,IBM
5/22/2025,265.45,269.28,258.63,255.79,15204641,-2.569222076,IBM
5/15/2025,252.5,267.98,266.76,244.65,20440246,5.647524752,IBM
10/30/2025,189.99,190.8,188.87,184.66,41870675,-0.5895047108,JNJ
10/23/2025,193.5,194.48,190.4,189.42,36880442,-1.602067183,JNJ
10/16/2025,189.83,194.4,193.22,185.88,49442020,1.785808355,JNJ
10/9/2025,188,192.1,190.72,182.94,37416819,1.446808511,JNJ
10/2/2025,179.825,189.7825,188.64,179.8,49633046,4.901988044,JNJ
9/25/2025,176.09,179.91,179.71,174.12,39330759,2.055766937,JNJ
9/18/2025,177.76,178.99,176.19,173.33,53265195,-0.8832133213,JNJ
9/11/2025,177.36,179.445,178.06,174.33,34292807,0.3946774921,JNJ
9/4/2025,177.47,179.505,178.43,176.53,33429130,0.5409364963,JNJ
8/28/2025,179.52,180.26,177.17,174.63,34692299,-1.309046346,JNJ
8/21/2025,176.5,181.16,179.29,175.976,45972576,1.580736544,JNJ
8/14/2025,173.4,177.265,176.64,171.81,38772382,1.868512111,JNJ
8/7/2025,167.03,173.955,173.33,166.64,46573484,3.771777525,JNJ
7/31/2025,167.86,168.7817,167.33,164.23,41831617,-0.3157393066,JNJ
7/24/2025,163.77,169.99,168.3,162.78,41051731,2.766074373,JNJ
7/17/2025,156.87,166.12,163.7,154.8,60282394,4.353923631,JNJ
7/10/2025,156.02,159.24,156.9,154.21,33462093,0.5640302525,JNJ
7/2/2025,152.16,157.75,156.01,151.52,28962779,2.530231335,JNJ
6/26/2025,149.74,153.33,152.41,149.74,41263468,1.783090691,JNJ
6/19/2025,156.42,156.495,149.79,149.04,44361801,-4.238588416,JNJ
6/12/2025,154.85,157.67,157.1,154.45,31790512,1.453019051,JNJ
6/5/2025,154.48,156.03,155.03,152.3,32551386,0.3560331434,JNJ
5/29/2025,152.52,155.71,155.21,151.56,37790702,1.763703121,JNJ
5/22/2025,151.89,154.43,152.94,151.05,41286498,0.6912897492,JNJ
5/15/2025,152.02,155.36,151.33,146.115,45786261,-0.4538876464,JNJ
10/30/2025,302.16,312.87,311.12,301.01,34734392,2.965316389,JPM
10/23/2025,298.5,304.05,300.44,290.5448,34988869,0.6499162479,JPM
10/16/2025,305.6,312.1199,297.56,294.2,59025114,-2.630890052,JPM
10/9/2025,310.18,311.7474,300.89,300.81,37816318,-2.995035141,JPM
10/2/2025,317.06,318.01,310.03,306.14,41150795,-2.217245947,JPM
9/25/2025,309.8,317.81,316.06,309.555,37756457,2.020658489,JPM
9/18/2025,307.17,315.8,314.78,307.1347,57924596,2.477455481,JPM
9/11/2025,294.89,307.55,306.91,291.44,38613168,4.076096171,JPM
9/4/2025,300.26,305.15,294.38,294.31,29839161,-1.958302804,JPM
8/28/2025,296.24,302.95,301.42,293.5001,31834435,1.748582231,JPM
8/21/2025,290,297.16,296.24,287.27,33969628,2.151724138,JPM
8/14/2025,289.4,295.5,290.49,287.16,36165453,0.3766413269,JPM
8/7/2025,290.26,295.785,288.76,284.706,34853645,-0.516778061,JPM
7/31/2025,297.66,301.2931,289.37,284.2376,48294641,-2.785056776,JPM
7/24/2025,291,299.5899,298.62,289.18,34619229,2.618556701,JPM
7/17/2025,287.07,292.5,291.27,283.01,52312341,1.463057791,JPM
7/10/2025,295.25,296.04,286.86,280.31,51338910,-2.84165961,JPM
7/2/2025,290.4,296.4,296,286.59,36727754,1.928374656,JPM
6/26/2025,275.06,289.41,287.11,272.1128,51000096,4.380862357,JPM
6/19/2025,267,277.72,275,266.85,38861395,2.996254682,JPM
6/12/2025,266,269.6199,264.95,262.71,36973854,-0.3947368421,JPM
6/5/2025,263.02,267.12,265.73,260.31,34842650,1.030339898,JPM
5/29/2025,262.04,266.72,264,261.99,29101617,0.747977408,JPM
5/22/2025,265.55,268.32,260.71,256.0001,41231381,-1.822632273,JPM
5/15/2025,262.9,269.52,267.56,258.7,44983466,1.772537086,JPM
10/30/2025,305.9,310.58,298.43,297,13689547,-2.441974501,MCD
10/23/2025,307.95,312.79,305.79,305.0152,11602957,-0.701412567,MCD
10/16/2025,294.6,309.1,308.09,294,13100329,4.579090292,MCD
10/9/2025,299.04,299.645,297.01,292.04,15613739,-0.6788389513,MCD
10/2/2025,305.88,306.105,300.98,298.3,14059073,-1.6019354,MCD
9/25/2025,302.32,306.33,305.24,300.315,13905547,0.9658639852,MCD
9/18/2025,305.14,306.58,302.38,297.88,20195576,-0.9045028512,MCD
9/11/2025,312.82,313.7,305.4,304.61,13498910,-2.371971102,MCD
9/4/2025,313.05,319.425,314.38,312.325,11752312,0.42485226,MCD
8/28/2025,313.73,315.72,313.54,309.3473,14951125,-0.06056162943,MCD
8/21/2025,308.37,316.8,314.07,306.56,15126083,1.848428835,MCD
8/14/2025,305.5,310.16,308.93,299.8875,17204399,1.122749591,MCD
8/7/2025,300.53,310.395,305.45,298.37,21657520,1.637107776,MCD
7/31/2025,297.06,305.4308,302.89,294.99,16008854,1.962566485,MCD
7/24/2025,298.11,300.1,298.47,294.41,16004198,0.120760793,MCD
7/17/2025,299.18,302.79,297.07,294.83,18065807,-0.7052610469,MCD
7/10/2025,294.115,302.74,299.91,290.26,19686088,1.970317733,MCD
7/2/2025,290.88,299.65,294.08,290.88,15876760,1.100110011,MCD
6/26/2025,288.52,292.19,291.55,283.47,26670561,1.050187162,MCD
6/19/2025,303.14,304,287.46,285.57,18518282,-5.172527545,MCD
6/12/2025,303.73,305.23,301.91,297.19,17091277,-0.5992164093,MCD
6/5/2025,310.73,314.39,307.36,306.81,14114778,-1.084542851,MCD
5/29/2025,314.51,315.65,313.85,310.04,10774515,-0.2098502432,MCD
5/22/2025,318.11,321.72,314.57,312.63,12514325,-1.112822609,MCD
5/15/2025,312.01,318.66,318.61,305.01,15379509,2.115316817,MCD
10/30/2025,169.98,170.63,166.5,163.61,12774690,-2.047299682,MMM
10/23/2025,153.23,172.85,168.5,152.8,25200348,9.965411473,MMM
10/16/2025,150.57,155.66,152.64,149.27,16484822,1.374775852,MMM
10/9/2025,158.7,159.21,148.75,148.455,12219648,-6.269691241,MMM
10/2/2025,153.5,160.3899,158.66,152.43,12097775,3.361563518,MMM
9/25/2025,155.6,158.14,152.81,151.821,11531676,-1.793059126,MMM
9/18/2025,158,158.54,156.6,153.54,16488159,-0.8860759494,MMM
9/11/2025,154.61,162.1,157.87,151.55,13725929,2.108531143,MMM
9/4/2025,153.95,157.56,155.3,150.43,11208425,0.876908087,MMM
8/28/2025,157.59,158.47,155.53,154.58,12983795,-1.307189542,MMM
8/21/2025,152.36,159.11,158.72,152.05,12185611,4.17432397,MMM
8/14/2025,153.75,160.47,152.39,151.6101,19501282,-0.8845528455,MMM
8/7/2025,145.39,153.685,153.3,145,14692504,5.440539239,MMM
7/31/2025,150.605,153.88,144.41,144.25,19883457,-4.113409249,MMM
7/24/2025,152.25,154.0614,151.27,147.81,22778088,-0.6436781609,MMM
7/17/2025,155.59,164.15,153.23,150.25,25941224,-1.516806993,MMM
7/10/2025,152.8,159.47,155.84,150.95,16430697,1.989528796,MMM
7/2/2025,152.28,156.09,152.94,149.5,12132315,0.4334121355,MMM
6/26/2025,144.39,152.87,152.02,143.35,14662057,5.284299467,MMM
6/19/2025,143.68,145.39,144.03,141.57,11617480,0.243596882,MMM
6/12/2025,145.55,148.05,142.32,141.73,13956487,-2.219168671,MMM
6/5/2025,147.87,148.95,145.5,143.91,13381885,-1.60275918,MMM
5/29/2025,150,150.36,148.35,146.66,13414224,-1.1,MMM
5/22/2025,151.95,154.73,147.62,147.01,13038269,-2.849621586,MMM
5/15/2025,146.09,153.28,153.11,145.27,20886285,4.805257033,MMM
10/30/2025,87.51,88.295,85.98,83.3,55558236,-1.748371615,MRK
10/23/2025,85.245,88.7898,87.49,85.03,44980050,2.633585548,MRK
10/16/2025,85.655,86.46,84.79,83.1632,47865663,-1.009865157,MRK
10/9/2025,88.83,90.31,85.99,85.92,52962473,-3.197118091,MRK
10/2/2025,78.6,91,89.19,78.03,95382486,13.47328244,MRK
9/25/2025,81.76,81.94,78.56,77.58,64065126,-3.913894325,MRK
9/18/2025,82.11,82.75,81.51,80.535,69024445,-0.7307270734,MRK
9/11/2025,84.16,85.55,82.81,82.8,55558526,-1.604087452,MRK
9/4/2025,84.5,85.805,84.71,83,49598133,0.2485207101,MRK
8/28/2025,87.21,87.39,84.12,82.65,59426657,-3.543171655,MRK
8/21/2025,84.26,87.835,87.37,84.08,57352463,3.690956563,MRK
8/14/2025,80.96,84.7372,84.21,79.63,47810602,4.014328063,MRK
8/7/2025,79.06,81.32,80.69,78.43,54106650,2.061725272,MRK
7/31/2025,84.47,84.97,79.29,76.66,85477180,-6.132354682,MRK
7/24/2025,80.155,85.22,84.71,78.95,51809677,5.682739692,MRK
7/17/2025,83.425,84.36,79.96,79.855,53521896,-4.153431226,MRK
7/10/2025,80.95,85,83.36,80.15,71370878,2.977146387,MRK
7/2/2025,79.25,83.07,80.93,78.38,59483212,2.119873817,MRK
6/26/2025,79.24,81.46,79.1,78.135,121175999,-0.1766784452,MRK
6/19/2025,80.88,81.35,79.06,77.1,84465756,-2.25024728,MRK
6/12/2025,79.61,82.44,81.71,78.67,71082907,2.637859565,MRK
6/5/2025,77.02,79.49,78.97,75.4,66280046,2.53180992,MRK
5/29/2025,78.015,78.2,76.84,75.59,55606423,-1.506120618,MRK
5/22/2025,75.96,79.18,77.58,75.69,59526719,2.132701422,MRK
5/15/2025,75.92,81.27,76.06,73.31,99132612,0.1844046365,MRK
10/30/2025,70.035,70.44,64.59,64.25,67961377,-7.774684087,NKE
10/23/2025,67.56,70.08,69.11,67.41,43653153,2.294256957,NKE
10/16/2025,65.7,69.53,67.37,65.5475,61080183,2.541856925,NKE
10/9/2025,72.02,72.39,65.22,64.88,76676275,-9.441821716,NKE
10/2/2025,69.77,76.97,71.93,68.74,162018091,3.095886484,NKE
9/25/2025,70.785,72.4899,69.31,68.03,61496002,-2.083774811,NKE
9/18/2025,73.18,73.6,70.89,70.74,78579955,-3.129270292,NKE
9/11/2025,74.26,75.53,73,71.93,55502157,-1.69674118,NKE
9/4/2025,75.64,76.05,73.91,73.63,47374414,-2.287149656,NKE
8/28/2025,78.47,80.165,77.37,77.12,53687867,-1.401809609,NKE
8/21/2025,77.11,79.135,78.38,75.1335,40377350,1.646997795,NKE
8/14/2025,74.32,77.685,76.97,73.05,44616196,3.565662002,NKE
8/7/2025,75.03,76.35,74.19,73.39,38409180,-1.119552179,NKE
7/31/2025,79,79.99,74.62,72.53,78729900,-5.544303797,NKE
7/24/2025,72.93,77.54,76.27,72.91,57715732,4.579733991,NKE
7/17/2025,72.34,73.275,72.47,71.03,48083673,0.1797069395,NKE
7/10/2025,76.04,77.5,72.63,72.4,74753901,-4.484481852,NKE
7/2/2025,71.45,77.03,76.39,70.06,107508231,6.913925822,NKE
6/26/2025,59.575,74.19,72.04,59.44,197861623,20.92320604,NKE
6/19/2025,61.38,62.18,59.79,59.19,60609539,-2.590420332,NKE
6/12/2025,63.3,64.85,60.53,60.11,63505865,-4.375987362,NKE
6/5/2025,60.05,63.66,62.8,59.6,60268338,4.579517069,NKE
5/29/2025,61.13,63.11,60.59,60.1,57053678,-0.8833633241,NKE
5/22/2025,62.15,63.19,60.02,59.49,74278667,-3.427192277,NKE
5/15/2025,62.38,63.75,63.11,60.4228,87837732,1.170246874,NKE
10/30/2025,151.61,153.165,148.47,150.37,35691082,-2.071103489,PG
10/23/2025,151.59,157.4,150.58,152.49,38182888,-0.6662708622,PG
10/16/2025,149,152.03,146.965,151.4,43522089,-1.365771812,PG
10/9/2025,151.5,153.17,149.45,149.69,32344556,-1.353135314,PG
10/2/2025,152.42,154.38,151.41,152.27,35573007,-0.6626426978,PG
9/25/2025,156.08,156.08,150.97,152.5,37282099,-3.273962071,PG
9/18/2025,157.88,161.67,155.97,156.04,44195004,-1.209779579,PG
9/11/2025,159.61,160.27,155.89,157.9,30145651,-2.330681035,PG
9/4/2025,157.36,160.56,156.495,160.02,26312684,-0.549694967,PG
8/28/2025,158.39,158.7,155.03,157.04,26757607,-2.121346045,PG
8/21/2025,154.42,161.03,154.17,158.67,36198230,-0.1618961274,PG
8/14/2025,153.54,157.011,153.27,154.36,33547814,-0.1758499414,PG
8/7/2025,150.25,154.01,150.02,153.51,34255964,-0.153078203,PG
7/31/2025,157.625,158.65,149.91,150.65,47953635,-4.894528152,PG
7/24/2025,155.07,159.02,154.89,158.3,32147775,-0.1160766106,PG
7/17/2025,155.58,155.8,151.9,155.1,44770548,-2.365342589,PG
7/10/2025,160.89,161.18,155.95,157.05,53286909,-3.070420784,PG
7/2/2025,159.26,162.53,158.13,160.83,37751425,-0.7095315836,PG
6/26/2025,159.07,161.74,157.17,159.86,46659391,-1.194442698,PG
6/19/2025,160.88,161.95,157.66,159.08,36526304,-2.001491795,PG
6/12/2025,163.39,164.016,159.91,160.28,33798704,-2.129873309,PG
6/5/2025,169.02,169.04,162.51,164.02,34787373,-3.851615193,PG
5/29/2025,165.27,170.99,165.27,169.89,34239827,0,PG
5/22/2025,163.47,166.365,163.41,165.86,31716372,-0.03670398238,PG
5/15/2025,157.425,163.43,156.69,163.28,36976212,-0.4668889948,PG
10/30/2025,269.64,274.54,265.24,268.62,7086910,-1.63180537,TRV
10/23/2025,264.4,271.74,262.895,269.89,5291634,-0.5692133132,TRV
10/16/2025,268.53,275.86,252.26,262.01,8502977,-6.058913343,TRV
10/9/2025,285.01,287.95,269.33,270.12,5381538,-5.501561349,TRV
10/2/2025,277.79,286.17,274.84,284.56,4336884,-1.061953274,TRV
9/25/2025,276.03,279.08,274.03,277.76,3915699,-0.7245589248,TRV
9/18/2025,278.19,279.7,270.68,277,7728645,-2.699593803,TRV
9/11/2025,275.46,279.995,269.2,278.93,4676113,-2.272562259,TRV
9/4/2025,271.26,280.7,268.85,275.22,4735132,-0.8884465089,TRV
8/28/2025,275.3,276.11,269.14,271.51,5425147,-2.237559027,TRV
8/21/2025,264.52,279.04,263.37,276.29,6375635,-0.4347497354,TRV
8/14/2025,265.18,270.8,262.96,265.59,6347499,-0.8371672072,TRV
8/7/2025,260.35,268.57,258.71,264.87,5154863,-0.6299212598,TRV
7/31/2025,260,263.39,254.25,258.32,6377004,-2.211538462,TRV
7/24/2025,265.05,268,260.61,261.05,6789680,-1.675155631,TRV
7/17/2025,254.05,268.23,249.19,265.97,8238727,-1.91300925,TRV
7/10/2025,263.44,264.04,252.66,254.48,6018021,-4.092013362,TRV
7/2/2025,264.06,269.12,255.995,264.13,4675651,-3.054230099,TRV
6/26/2025,265.76,268.96,260.19,263.31,5827352,-2.095875978,TRV
6/19/2025,265,274.01,262.18,264.98,6546687,-1.064150943,TRV
6/12/2025,273.555,273.555,258.8401,263.47,6073678,-5.379137651,TRV
6/5/2025,273.42,277.83,269.5014,273.69,4597040,-1.433179724,TRV
5/29/2025,274.19,277.65,270.61,275.7,6527478,-1.305663956,TRV
5/22/2025,273.75,275.03,268.12,271.04,4329821,-2.056621005,TRV
5/15/2025,270.2,273.89,261.09,273.63,5778671,-3.37157661,TRV
10/30/2025,363.5,381,337.12,341.56,58332838,-7.257221458,UNH
10/23/2025,358.54,371.05,353.6415,362.5,31933627,-1.366235288,UNH
10/16/2025,354.74,364.22,350.83,356.6,32694337,-1.102215707,UNH
10/9/2025,361.025,376.22,352.51,354.5,45757948,-2.358562426,UNH
10/2/2025,343.98,368,341.45,360.2,45193050,-0.7355078784,UNH
9/25/2025,334.46,354.5,332.6,344.08,45303628,-0.5561203133,UNH
9/18/2025,351.255,351.71,333.84,336.69,57111747,-4.957936542,UNH
9/11/2025,319.71,362.31,313.8001,352.51,115611552,-1.84851897,UNH
9/4/2025,308.305,317.94,303.7,315.39,41654043,-1.493650768,UNH
8/28/2025,308.49,310,294.2001,309.87,58503364,-4.632208499,UNH
8/21/2025,313.175,316.3999,295.7,307.42,106917060,-5.579947314,UNH
8/14/2025,253.87,310.3,252.14,304.01,136677034,-0.6814511364,UNH
8/7/2025,238.24,253.1599,236.9526,250.89,75725890,-0.5403794493,UNH
7/31/2025,283.5,285,234.6,237.77,149453200,-17.24867725,UNH
7/24/2025,284.64,292.64,278.22,281.06,77102454,-2.255480607,UNH
7/17/2025,301.64,304.04,280.81,282.65,66186884,-6.905582814,UNH
7/10/2025,308,308.605,296.6,304.1,52625578,-3.701298701,UNH
7/2/2025,308.995,326.55,306.3401,308.55,52277929,-0.8592048415,UNH
6/26/2025,301.9,310.45,295.52,309.11,51615260,-2.113282544,UNH
6/19/2025,313,313.27,301.5907,302.01,54217464,-3.64514377,UNH
6/12/2025,305.035,318.8,300.59,313.53,67985344,-1.457209828,UNH
6/5/2025,303.12,313.55,294.11,303.22,69352476,-2.972420164,UNH
5/29/2025,299.5,305.64,289.13,301.91,68830523,-3.462437396,UNH
5/22/2025,304.775,324.64,291.64,295.57,193551818,-4.309736691,UNH
5/15/2025,381,387.21,248.88,291.91,303456191,-34.67716535,UNH
10/30/2025,38.805,41.32,38.765,39.74,211489410,-0.1030795001,VZ
10/23/2025,40.7,40.87,38.39,38.82,169119644,-5.675675676,VZ
10/16/2025,39.75,40.655,39.405,40.55,104307655,-0.8679245283,VZ
10/9/2025,43.25,43.38,39.815,39.85,218522402,-7.942196532,VZ
10/2/2025,43.6,44.09,43.09,43.67,99741631,-1.169724771,VZ
9/25/2025,43.38,43.765,42.96,43.61,87934924,-0.9681881051,VZ
9/18/2025,44.05,44.41,43.3,43.48,91293787,-1.70261067,VZ
9/11/2025,42.975,44.15,42.94,43.97,89911255,-0.08144269924,VZ
9/4/2025,44.16,44.48,42.88,44.38,70819488,-2.898550725,VZ
8/28/2025,44.44,44.48,43.69,44.23,76031566,-1.687668767,VZ
8/21/2025,44.35,45.75,44.22,44.44,82608933,-0.2931228861,VZ
8/14/2025,43.23,44.44,42.99,44.24,71548316,-0.5551700208,VZ
8/7/2025,42.8,43.355,42.17,43.15,74906025,-1.471962617,VZ
7/31/2025,43.02,43.47,42.15,42.88,91055497,-2.022315202,VZ
7/24/2025,41.95,43.49,41.68,43.08,131434780,-0.6436233611,VZ
7/17/2025,41.59,41.84,40.69,40.84,88872628,-2.163981726,VZ
7/10/2025,43.7,43.7,41.49,41.62,101828908,-5.057208238,VZ
7/2/2025,42.31,44.03,42.28,43.55,70644383,-0.07090522335,VZ
6/26/2025,41.81,42.73,41.72,42.31,85639871,-0.2152595073,VZ
6/19/2025,42.96,43.105,41.6,41.7,99199724,-3.165735568,VZ
6/12/2025,43.65,44.3999,42.91,43.01,77640273,-1.695303551,VZ
6/5/2025,43.8,44.12,43.03,43.8,61611053,-1.757990868,VZ
5/29/2025,43.28,44.06,42.975,43.96,62187496,-0.7047134935,VZ
5/22/2025,44.08,44.55,42.86,43.32,70348294,-2.7676951,VZ
5/15/2025,43.045,43.99,42.25,43.99,88692784,-1.846904402,VZ
10/30/2025,106.34,106.36,100.18,101.18,75987356,-5.792740267,WMT
10/23/2025,107.85,108.25,105.51,106.17,55503643,-2.169680111,WMT
10/16/2025,101.37,109.575,101.07,107.73,93248740,-0.295945546,WMT
10/9/2025,101.88,103.6291,100.37,101.84,80453951,-1.482135846,WMT
10/2/2025,103.05,103.935,99.87,102.07,72966160,-3.08588064,WMT
9/25/2025,102.45,103.51,101.33,103.16,62638450,-1.093216203,WMT
9/18/2025,103.65,106.11,102.09,102.33,100281714,-1.505065123,WMT
9/11/2025,100.85,103.975,100.28,103.49,70982985,-0.5651958354,WMT
9/4/2025,97.23,101.48,96.51,100.51,63467439,-0.7405121876,WMT
8/28/2025,97,97.58,95.42,96.98,88994055,-1.628865979,WMT
8/21/2025,100,102.65,96.76,96.83,131830392,-3.24,WMT
8/14/2025,103.9,104.33,99.5402,100,74637923,-4.196150144,WMT
8/7/2025,98.2,104.72,98.2,103.73,85669835,0,WMT
7/31/2025,97.28,98.88,97.075,98.49,72593176,-0.2107319079,WMT
7/24/2025,95.255,97.65,95.1,97.47,60089144,-0.162721117,WMT
7/17/2025,94.51,95.84,94.38,95.05,61212815,-0.1375515818,WMT
7/10/2025,98.23,99.35,94.23,94.4,76998316,-4.072075741,WMT
7/2/2025,97.23,99.1899,96.31,98.36,53627046,-0.9462100175,WMT
6/26/2025,95.92,99.105,95.67,97.27,104784011,-0.2606338616,WMT
6/19/2025,94.75,96.31,93.62,96.12,61755901,-1.192612137,WMT
6/12/2025,97.4,98.0892,93.43,94.44,83748231,-4.075975359,WMT
6/5/2025,98.84,100.89,96.97,97.47,75138067,-1.89194658,WMT
5/29/2025,97.3,98.93,96.58,98.72,72724842,-0.739979445,WMT
5/22/2025,96.65,98.8183,95,96.34,78774303,-1.707190895,WMT
5/15/2025,97.67,99.1946,91.89,98.24,149923005,-5.917886762,WMT
10/30/2025,222.78,225.56,198.3,201.02,64165153,-10.98841907,BA
10/23/2025,215.13,221.74,213.8,221.35,26979289,-0.6182308372,BA
10/16/2025,212.09,217.945,210.66,212.94,28726556,-0.674242067,BA
10/9/2025,217.865,226.19,210.73,210.73,45088287,-3.274963854,BA
10/2/2025,222.365,222.81,212.83,216.3,42673006,-4.287994963,BA
9/25/2025,215.17,224.1,211.427,221.26,51514442,-1.739554771,BA
9/18/2025,216.25,218.05,213.13,215.65,36174047,-1.442774566,BA
9/11/2025,231.7,232.28,215.7,215.94,39520570,-6.905481226,BA
9/4/2025,231.28,238.33,225.5,229.61,24558754,-2.499135247,BA
8/28/2025,229.6,238.05,226.6,234.68,25943365,-1.306620209,BA
8/21/2025,234.47,235.157,223.6001,230.12,37312617,-4.635944897,BA
8/14/2025,229,236.45,225.17,235.26,30557452,-1.672489083,BA
8/7/2025,220.15,230.9,218.03,229.12,24870791,-0.9629797865,BA
7/31/2025,233.24,242.6899,215.9,221.9,53839142,-7.434402332,BA
7/24/2025,229.4,235.27,225.55,233.06,27012519,-1.678291194,BA
7/17/2025,231.4,233.61,227.27,229.34,39248482,-1.784788245,BA
7/10/2025,215.6,230.1999,214.5,226.84,41787833,-0.5102040816,BA
7/2/2025,213.88,217.675,206.7696,215.92,25413033,-3.324481017,BA
6/26/2025,197.825,214.81,197.47,214.55,38204155,-0.1794515354,BA
6/19/2025,200.57,205.3099,196.8,198.75,34610321,-1.879643017,BA
6/12/2025,211.23,218.8,195.28,200.32,69688194,-7.551010747,BA
6/5/2025,210.98,215.8,207.9,210.8,32217231,-1.459854015,BA
5/29/2025,204.28,212.28,200.215,207.32,35170526,-1.989915802,BA
5/22/2025,203,208.62,198.75,202.36,27122138,-2.093596059,BA
5/15/2025,198.16,209.66,193.06,205.82,57803159,-2.573677836,BA
10/30/2025,527.05,596.21,521.43,577.26,17767276,-1.066312494,CAT
10/23/2025,529.56,534.2,510.21,522.73,13591022,-3.653976886,CAT
10/16/2025,502.15,544.9899,495.45,527.08,17803290,-1.334262671,CAT
10/9/2025,500.42,511.5,483.545,491.3,15727535,-3.372167379,CAT
10/2/2025,468.08,504.48,467.46,497.85,13817980,-0.1324559904,CAT
9/25/2025,467.31,485.3375,459.575,465.76,15121858,-1.655218164,CAT
9/18/2025,433.83,472.12,430.61,466.54,18535769,-0.7422262176,CAT
9/11/2025,422.65,435.79,416.44,431.52,10888781,-1.46930084,CAT
9/4/2025,413.91,424.8999,410.515,423.08,7276414,-0.8202266193,CAT
8/28/2025,435,436.8993,414.37,419.04,11947068,-4.742528736,CAT
8/21/2025,407,437.84,405.46,435.67,17078429,-0.3783783784,CAT
8/14/2025,416.98,419.24,406.8,407.79,17368934,-2.441364094,CAT
8/7/2025,430.86,439.74,409.96,416.52,18246855,-4.850763589,CAT
7/31/2025,431.25,441.15,421.29,428.69,16251230,-2.309565217,CAT
7/24/2025,417.22,434.87,409.84,433.75,12003767,-1.768850966,CAT
7/17/2025,404,419.9,402.226,413.71,12878813,-0.4391089109,CAT
7/10/2025,398.06,412,388.09,405.92,13574122,-2.504647541,CAT
7/2/2025,386.31,402.42,384.25,397.86,9637046,-0.5332504983,CAT
6/26/2025,359.92,387.49,357.733,384.71,15537536,-0.60763503,CAT
6/19/2025,361,364.6099,356.96,360.52,11408700,-1.119113573,CAT
6/12/2025,355.22,364.29,353.925,357.05,9775230,-0.3645628061,CAT
6/5/2025,346.47,357.44,339.5,353.35,10145257,-2.011718186,CAT
5/29/2025,349.95,353.34,346.615,348.03,11321952,-0.9529932848,CAT
5/22/2025,349.7,352.96,336.2409,343.39,10748746,-3.848756077,CAT
5/15/2025,343.11,355.33,339.73,353.58,14919135,-0.9851068171,CAT
10/30/2025,257.08,261.82,249.04,260.41,33928325,-3.12743115,CRM
10/23/2025,245,267.125,244.3,254.83,44289424,-0.2857142857,CRM
10/16/2025,242.89,256.74,235.9,243.08,61510487,-2.877845938,CRM
10/9/2025,239.33,250.47,235.41,241.68,45347615,-1.63790582,CRM
10/2/2025,244.72,245.82,233.51,240.36,43720255,-4.580745342,CRM
9/25/2025,245.28,251.36,239.485,243.43,35020798,-2.362606001,CRM
9/18/2025,243.25,247.29,237.24,247.09,47306655,-2.470709147,CRM
9/11/2025,250.8,255.34,241.25,242.76,50199061,-3.807814992,CRM
9/4/2025,254.82,258,234.62,250.76,68668008,-7.927164273,CRM
8/28/2025,249.37,257.64,242.85,256.25,36151350,-2.614588764,CRM
8/21/2025,239.77,249.53,239.49,248.29,37987526,-0.1167785795,CRM
8/14/2025,238.92,244.5,226.48,242.44,54620022,-5.20676377,CRM
8/7/2025,251,253.5,236.9724,240.51,35821308,-5.588685259,CRM
7/31/2025,269.5,274,250.13,250.74,28586074,-7.187384045,CRM
7/24/2025,263.62,271.0988,261.6375,269.11,27229374,-0.7520294363,CRM
7/17/2025,258.6,262.98,254.52,262.38,29603479,-1.577726218,CRM
7/10/2025,271.51,276.8,257.26,258.07,33581929,-5.248425472,CRM
7/2/2025,274.46,276.38,265.65,272.15,25945764,-3.209939518,CRM
6/26/2025,260.64,274.17,258.75,273.42,53521424,-0.7251381215,CRM
6/19/2025,260.39,270.5,257.47,260.63,36774258,-1.121394831,CRM
6/12/2025,272.85,274.2,258,258.4,34319513,-5.442550852,CRM
6/5/2025,263.11,274.9,259.14,274.51,40578605,-1.508874615,CRM
5/29/2025,273.165,278.81,254.5,265.37,64180135,-6.832866582,CRM
5/22/2025,288.1,289.9,271.65,273.13,31033823,-5.709822978,CRM
5/15/2025,285,296.05,283.23,291.15,29056945,-0.6210526316,CRM
10/30/2025,155.795,159.18,153.24,157.72,37402676,-1.639975609,CVX
10/23/2025,153.43,158.5883,153.18,155.56,32808962,-0.1629407547,CVX
10/16/2025,150,154.2071,149.43,153.08,31235286,-0.38,CVX
10/9/2025,153.965,154.97,148.89,148.9,29911767,-3.296203683,CVX
10/2/2025,159.125,159.125,152.23,153.55,37650886,-4.333071485,CVX
9/25/2025,155.62,161.3,155.15,160.16,32036844,-0.3020177355,CVX
9/18/2025,157.375,160.67,155.55,156.21,41756484,-1.159650516,CVX
9/11/2025,153.91,159.78,152.875,157.11,36635698,-0.6724709246,CVX
9/4/2025,160.48,161.86,153.4899,153.66,35708517,-4.355745264,CVX
8/28/2025,157.9,161.1,156.55,160.6,38220243,-0.8549715009,CVX
8/21/2025,156.13,158.79,151.855,158.18,41435994,-2.738102863,CVX
8/14/2025,155.34,158.54,152.985,156.55,38351585,-1.516029355,CVX
8/7/2025,151.25,155.75,149.82,155.01,39405101,-0.9454545455,CVX
7/31/2025,155.4,157.21,150.355,151.4,45336704,-3.246460746,CVX
7/24/2025,151.2,156.2,148.48,154.84,80918045,-1.798941799,CVX
7/17/2025,154.9,155.91,146.53,150.04,80118330,-5.40348612,CVX
7/10/2025,147.4,155.89,145.58,155.31,49770921,-1.234735414,CVX
7/2/2025,143.045,148.98,142.4,148.37,28890461,-0.4509070572,CVX
6/26/2025,152.1222,152.15,142.5101,143.79,45334280,-6.318670122,CVX
6/19/2025,145.73,150.17,143.74,149.55,54983151,-1.36553901,CVX
6/12/2025,140.55,147.6,139.685,145.91,47405068,-0.6154393454,CVX
6/5/2025,138.49,140.63,136.4304,140.21,39727607,-1.48718319,CVX
5/29/2025,137.38,138.79,135.21,136.7,35640223,-1.579560344,CVX
5/22/2025,139.47,139.52,133.77,136.54,39194229,-4.086900409,CVX
5/15/2025,142.45,143.71,139.51,142.1,38764103,-2.063882064,CVX
11/3/2025,341,341.21,334.25,340.3,11458104,-1.979472141,V
10/30/2025,349,350.98,338.17,340.74,34920676,-3.103151862,V
10/23/2025,341.9,349.65,338.94,347.38,24655113,-0.8657502194,V
10/16/2025,343.72,350.075,334.17,341.89,26048864,-2.778424299,V
10/9/2025,350.01,355,343.25,343.65,24438724,-1.931373389,V
10/2/2025,337.38,353.1599,335.55,349.84,34161864,-0.5424150809,V
9/25/2025,339.01,345.255,334.51,337.37,35990144,-1.327394472,V
9/18/2025,340.61,346.2,333.47,341.61,36859751,-2.0962391,V
9/11/2025,342.34,346.32,336.44,339.43,24591529,-1.723432845,V
9/4/2025,349.31,352.63,340.2,343.22,18744747,-2.607998626,V
8/28/2025,349.61,353.425,347.445,351.78,28086836,-0.6192614628,V
8/21/2025,343.84,351.2,339.72,350.04,25338219,-1.198231736,V
8/14/2025,336.73,348.36,334.51,344.47,28264377,-0.6592819173,V
8/7/2025,341.695,344.38,328.7,336.78,35445890,-3.803099255,V
7/31/2025,356.38,358.32,338.1,339.35,40753366,-5.129356305,V
7/24/2025,349.06,357.65,348.4,357.04,24019514,-0.1890792414,V
7/17/2025,347.39,351.97,345.01,349.05,25710300,-0.6851089554,V
7/10/2025,358.92,359.66,344.3925,347.93,33103685,-4.047559345,V
7/2/2025,349.35,359,349.06,358.86,22567760,-0.08301130671,V
6/26/2025,337.5,354.56,335.63,348.61,39992960,-0.5540740741,V
6/19/2025,356.49,360.22,334.92,338.57,47135008,-6.050660608,V
6/12/2025,369.79,375.51,345,352.85,33728108,-6.703804862,V
6/5/2025,362.77,371,359.96,370.22,25162858,-0.7745954737,V
5/29/2025,355.41,367.04,354.48,365.19,22933172,-0.261669621,V
5/22/2025,363.02,369.1499,352.22,353.54,26771451,-2.975042697,V
11/3/2025,68.8,68.89,67.66,68.66,28404135,-1.656976744,KO
10/30/2025,69.78,70.9,67.9001,68.9,77814568,-2.694038406,KO
10/23/2025,68.425,71.615,67.92,69.71,99408646,-0.7380343442,KO
10/16/2025,66.23,68.495,66,68.44,70378303,-0.347274649,KO
10/9/2025,66.49,67.395,65.84,67.04,70965201,-0.9775906151,KO
10/2/2025,65.67,66.985,65.3538,66.65,70111023,-0.4814984011,KO
9/25/2025,66.16,66.92,65.5,65.67,75347403,-0.9975816203,KO
9/18/2025,66.68,67.13,66.045,66.43,100830148,-0.9523095381,KO
9/11/2025,67.855,68.165,66.935,67.01,85675333,-1.355832289,KO
9/4/2025,68.96,69.46,67.37,67.96,98876479,-2.305684455,KO
8/28/2025,70.11,70.23,68.28,68.99,73972498,-2.610183997,KO
8/21/2025,69.98,71.705,69.05,70.13,67327975,-1.328951129,KO
8/14/2025,70.3,71.06,69.39,69.92,55434418,-1.294452347,KO
8/7/2025,68.715,70.871,68.31,70.34,58501346,-0.5893909627,KO
7/31/2025,68.74,69.42,67.74,68.86,73641280,-1.454757056,KO
7/24/2025,70.195,70.62,68.6,69.17,86267786,-2.272241613,KO
7/17/2025,69.8,70.7,68.79,69.85,75193953,-1.446991404,KO
7/10/2025,71.37,71.37,68.97,69.87,95336031,-3.362757461,KO
7/2/2025,70.125,72.45,70.09,71.35,59648938,-0.04991087344,KO
6/26/2025,69.14,70.56,68.97,70.33,87504012,-0.2458779288,KO
6/19/2025,71.2,71.62,68.78,68.84,87569919,-3.398876404,KO
6/12/2025,71.35,72.685,70.73,71.02,67538894,-0.8689558514,KO
6/5/2025,72.025,72.04,70.475,71.35,66968050,-2.152030545,KO
5/29/2025,71.74,72.47,70.46,72.1,57690640,-1.784220797,KO
5/22/2025,72.03,72.17,70.685,71.77,61438940,-1.867277523,KO
11/3/2025,340.97,346.5,336.79,342.98,4607763,-1.225914303,SHW
10/30/2025,335.7,368.615,333.17,344.94,13715032,-0.7536490915,SHW
10/23/2025,332.18,340.91,328.98,334,11849395,-0.9633331326,SHW
10/16/2025,331.86,337.04,328.27,330.74,11454557,-1.081781474,SHW
10/9/2025,346.235,346.235,330.7905,332.81,9728805,-4.460698658,SHW
10/2/2025,342.54,349.68,339.17,346.6,7141401,-0.9838267064,SHW
9/25/2025,345.61,348.9,338.9922,341.91,6324729,-1.91481728,SHW
9/18/2025,360.06,360.1,345.99,346.8,10615494,-3.907682053,SHW
9/11/2025,372.38,375.59,354.59,360.1,9460799,-4.777377947,SHW
9/4/2025,361.47,376.58,359.24,372.43,8976773,-0.6169253327,SHW
8/28/2025,370.23,371.87,364.08,365.83,6517346,-1.661129568,SHW
8/21/2025,364.11,379.65,358.26,372.93,9733720,-1.606657329,SHW
8/14/2025,353.16,371.76,350.5,364.4,12474789,-0.7531996829,SHW
8/7/2025,343.48,354.97,342.56,352.16,8883947,-0.2678467451,SHW
7/31/2025,338.03,345,327.54,343.41,10804045,-3.103274857,SHW
7/24/2025,343.43,347.1,328.1,340.1,12482784,-4.463791748,SHW
7/17/2025,344.28,346.76,335.34,340.07,7129528,-2.596723597,SHW
7/10/2025,352.96,356.27,343.98,345.93,7904006,-2.544197643,SHW
7/2/2025,345.21,359.38,341,354,6549528,-1.219547522,SHW
6/26/2025,333.42,349.45,331.71,345.72,7892009,-0.5128666547,SHW
6/19/2025,337.49,340.24,329.1401,333.5,7458973,-2.474117752,SHW
6/12/2025,358.03,362.67,335.12,335.88,6420314,-6.39890512,SHW
6/5/2025,355.8,363.9,351.185,357.48,8274423,-1.29707701,SHW
5/29/2025,357.42,360.08,352.4601,358.81,5288480,-1.387695149,SHW
5/22/2025,359.2,362.93,348.085,352.51,7429700,-3.094376392,SHW
11/3/2025,74.61,74.838,71.98,72.32,44078412,-3.524996649,CSCO
10/30/2025,70.54,73.48,70.43,73.11,96013916,-0.1559398923,CSCO
10/23/2025,70.12,71.2375,69.85,70.63,70603801,-0.3850541928,CSCO
10/16/2025,68.55,70.77,66.8131,70.13,76028105,-2.53377097,CSCO
10/9/2025,68.435,70.8093,67.81,67.94,114863121,-0.9132753708,CSCO
10/2/2025,67.715,69.49,67.44,67.92,77209348,-0.4061138596,CSCO
9/25/2025,67.86,68.235,66.85,67.22,97498878,-1.488358385,CSCO
9/18/2025,66.505,68.92,66.345,68.21,120976039,-0.2405834148,CSCO
9/11/2025,66.72,68.57,66.13,66.53,76466842,-0.8842925659,CSCO
9/4/2025,68.105,68.41,66.48,66.9,68378758,-2.386021584,CSCO
8/28/2025,67.28,69.5758,67.11,69.09,84118005,-0.2526753864,CSCO
8/21/2025,66.08,68.04,65.75,67.32,83883635,-0.4993946731,CSCO
8/14/2025,72.3,72.55,65.86,66.2,169143363,-8.907330567,CSCO
8/7/2025,67.765,72.02,67.445,71.79,109836424,-0.4722201727,CSCO
7/31/2025,67.75,69.145,66.52,67.11,91517561,-1.815498155,CSCO
7/24/2025,67.902,68.8293,67.79,68.69,67367662,-0.1649435952,CSCO
7/17/2025,67.83,68.84,66.98,68.05,82097189,-1.253132832,CSCO
7/10/2025,69.08,69.39,67.685,67.95,98639142,-2.0193978,CSCO
7/2/2025,68.835,69.78,68.1797,69.37,89129391,-0.9519866347,CSCO
6/26/2025,66.345,69.215,66.21,68.65,125967033,-0.2034817997,CSCO
6/19/2025,65.19,66.65,64.85,66.32,108888793,-0.5215523853,CSCO
6/12/2025,66.115,66.36,63.865,64.09,81142977,-3.403161159,CSCO
6/5/2025,62.725,66.16,62.71,66.06,83746123,-0.02391390992,CSCO
5/29/2025,63.76,63.99,62.3,63.04,71057497,-2.289836888,CSCO
5/22/2025,63.43,64.13,62.53,63.11,78126807,-1.418886962,CSCO
11/3/2025,270.42,271.486,266.25,270.04,99469429,-1.542045707,AAPL
10/30/2025,264.88,277.32,264.6501,270.37,293563310,-0.08679401993,AAPL
10/23/2025,255.885,265.29,255.43,262.82,253202889,-0.1778142525,AAPL
10/16/2025,249.38,253.38,244.7,252.29,196438474,-1.876654102,AAPL
10/9/2025,257.99,259.07,244,245.27,213437899,-5.422690802,AAPL
10/2/2025,254.56,259.24,253.01,258.02,218331739,-0.6088937775,AAPL
9/25/2025,248.3,257.6,248.12,255.46,309374646,-0.07249295207,AAPL
9/18/2025,237,246.3,235.03,245.5,360619530,-0.8312236287,AAPL
9/11/2025,239.3,240.15,225.95,234.07,304787017,-5.578771417,AAPL
9/4/2025,229.25,241.32,226.97,239.69,212557180,-0.9945474373,AAPL
8/28/2025,226.48,233.41,224.69,232.14,194310890,-0.7903567644,AAPL
8/21/2025,231.7,233.12,223.7804,227.76,192241677,-3.41804057,AAPL
8/14/2025,227.92,235.12,224.76,231.59,295311911,-1.386451386,AAPL
8/7/2025,204.505,231,201.675,229.35,431826281,-1.383829246,AAPL
7/31/2025,214.03,214.845,201.5,202.38,319915158,-5.854319488,AAPL
7/24/2025,212.1,215.78,211.63,213.88,231062208,-0.2215935879,AAPL
7/17/2025,209.925,212.4,207.54,211.18,225669714,-1.136120043,AAPL
7/10/2025,212.68,216.23,207.22,211.16,226036726,-2.567237164,AAPL
7/2/2025,202.01,214.65,199.2607,213.55,273599330,-1.360972229,AAPL
6/26/2025,201.625,203.67,198.96,201.08,273391727,-1.321760694,AAPL
6/19/2025,197.3,201.7,195.07,201,224085074,-1.13025849,AAPL
6/12/2025,204.39,206,195.7,196.45,283877006,-4.251675718,AAPL
6/5/2025,200.28,206.24,200.12,203.92,227237774,-0.07988815658,AAPL
5/29/2025,198.3,203.81,196.78,200.85,223926033,-0.7665153807,AAPL
5/22/2025,207.91,209.48,193.46,195.27,273024261,-6.950122649,AAPL
11/3/2025,298.43,301,292.12,296.7,6165863,-2.114398686,AMGN
10/30/2025,291.21,298.88,288,298.43,11582386,-1.102297311,AMGN
10/23/2025,299.48,303.85,290.66,291.76,7719223,-2.945104848,AMGN
10/16/2025,291.745,302.265,289.4414,298.81,9991169,-0.789593652,AMGN
10/9/2025,297.62,297.625,289.58,290.13,10431982,-2.701431355,AMGN
10/2/2025,273.095,301.66,270.67,297.89,14755477,-0.8879693879,AMGN
9/25/2025,284.13,287.26,269.77,272.98,12382320,-5.054024566,AMGN
9/18/2025,276.07,286.148,271.61,285.41,18527185,-1.615532293,AMGN
9/11/2025,281.05,282.9399,275.16,276.39,10714004,-2.095712507,AMGN
9/4/2025,287.49,288.74,278.7538,283.64,9449476,-3.038783958,AMGN
8/28/2025,292.61,294.6,284.87,287.71,8075523,-2.645159085,AMGN
8/21/2025,296.93,301.47,292.11,293.72,8814313,-1.623278214,AMGN
8/14/2025,289.74,296.99,282.6,296.47,9943142,-2.464278318,AMGN
8/7/2025,297.3,302.33,281.65,288.23,13948938,-5.264043054,AMGN
7/31/2025,305.815,306,292.59,296.88,9568802,-4.324509916,AMGN
7/24/2025,294.75,311.28,293.6,306.58,9311470,-0.3901611535,AMGN
7/17/2025,293.86,301,291.94,294.76,8369766,-0.6533723542,AMGN
7/10/2025,297.88,302.38,291.2514,295.27,9322511,-2.225258493,AMGN
7/2/2025,278.85,298.99,276.58,298.24,10272460,-0.8140577371,AMGN
6/26/2025,290.075,290.66,267.83,277.13,18085096,-7.668706369,AMGN
6/19/2025,296.31,298.77,286.6,289.33,13391289,-3.27697344,AMGN
6/12/2025,290.47,299.49,287.5391,295.22,10588356,-1.009019864,AMGN
6/5/2025,285.64,293.57,283.04,290.33,11572191,-0.9102366615,AMGN
5/29/2025,273.7,288.81,273.115,288.18,15022944,-0.213737669,AMGN
5/22/2025,272.58,276.9,269.1,271.66,11389964,-1.276689412,AMGN
11/3/2025,255.36,258.6,248.66,249.32,147544127,-2.623746867,AMZN
10/30/2025,227.66,250.5,222.75,244.22,405996917,-2.156724941,AMZN
10/23/2025,213.88,225.4,213.59,224.21,203910974,-0.1355900505,AMZN
10/16/2025,217.7,220.68,211.03,213.04,217786234,-3.063849334,AMZN
10/9/2025,221,228.25,216,216.37,240351172,-2.262443439,AMZN
10/2/2025,220.08,224.2,216.61,219.51,221486999,-1.576699382,AMZN
9/25/2025,230.56,230.565,216.47,219.78,260256158,-6.111207495,AMZN
9/18/2025,230.625,235.9,228.71,231.48,250137380,-0.8303523035,AMZN
9/11/2025,234.94,238.85,226.29,228.15,197870412,-3.681791096,AMZN
9/4/2025,223.52,236,221.83,232.33,161313170,-0.7560844667,AMZN
8/28/2025,227.35,232.71,226.02,229,129872302,-0.5850010996,AMZN
8/21/2025,230.225,231.91,220.5,228.84,161200021,-4.22412857,AMZN
8/14/2025,221.78,234.08,219.05,231.03,206604332,-1.23094959,AMZN
8/7/2025,217.4,226.22,211.42,222.69,257792302,-2.750689972,AMZN
7/31/2025,233.35,236.53,212.8,214.75,319625695,-8.80651382,AMZN
7/24/2025,225.835,236,225.65,231.44,177690471,-0.08191821463,AMZN
7/17/2025,225.07,227.27,222.18,226.13,179835455,-1.284044964,AMZN
7/10/2025,223,226.6799,218.43,225.02,201340145,-2.049327354,AMZN
7/2/2025,223.52,224.01,217.93,223.41,158671141,-2.500894775,AMZN
6/26/2025,209.79,223.3,207.3101,223.3,277144132,-1.182086849,AMZN
6/19/2025,212.31,217.96,208.2709,209.69,185081662,-1.902453959,AMZN
6/12/2025,214.75,218.4,209.62,212.1,165709554,-2.388824214,AMZN
6/5/2025,204.98,213.8699,202.68,213.57,183979775,-1.122060689,AMZN
5/29/2025,203.085,208.81,201.695,205.01,149821208,-0.6844424748,AMZN
5/22/2025,201.645,206.62,197.85,200.99,178578534,-1.882020382,AMZN
11/3/2025,519.805,524.96,507.84,514.33,43333405,-2.301824723,MSFT
10/30/2025,531.78,553.72,515.1,517.81,159773915,-3.136635451,MSFT
10/23/2025,514.61,525.345,513.04,523.61,78770410,-0.3050854045,MSFT
10/16/2025,516.41,517.19,506,513.58,79090522,-2.015840127,MSFT
10/9/2025,518.61,531.03,509.63,510.96,91844678,-1.731551648,MSFT
10/2/2025,511.5,521.6,508.88,517.35,96313547,-0.5122189638,MSFT
9/25/2025,515.59,517.74,505.04,511.46,85342202,-2.0461995,MSFT
9/18/2025,508.79,519.3,505.93,517.93,124060082,-0.5621179662,MSFT
9/11/2025,498.105,512.55,495.03,509.9,95299865,-0.6173397175,MSFT
9/4/2025,500.465,511.97,492.37,495,81627481,-1.617495729,MSFT
8/28/2025,506.63,511.09,498.51,506.69,108729343,-1.602747567,MSFT
8/21/2025,521.585,522.82,502.41,507.23,115732039,-3.676294372,MSFT
8/14/2025,522.3,532.7,519.08,520.17,103984799,-0.6165039249,MSFT
8/7/2025,528.27,538.25,517.5511,522.04,97486428,-2.029057111,MSFT
7/31/2025,514.08,555.45,509.435,524.11,137752650,-0.9035558668,MSFT
7/24/2025,506.705,518.29,500.7,513.71,79564733,-1.185107706,MSFT
7/17/2025,501.515,514.64,501.03,510.05,80853219,-0.09670697786,MSFT
7/10/2025,497.38,506.78,494.11,503.32,77445981,-0.6574450119,MSFT
7/2/2025,497.04,500.76,488.7,498.84,78618836,-1.677933366,MSFT
6/26/2025,478.21,499.3,472.51,495.94,120782782,-1.191944961,MSFT
6/19/2025,475.21,483.46,474.08,477.4,86142890,-0.2377896088,MSFT
6/12/2025,469.7,480.415,466.96,474.96,84010090,-0.5833510752,MSFT
6/5/2025,457.14,473.335,456.89,470.38,81973027,-0.0546878418,MSFT
5/29/2025,456.48,462.52,455.3105,460.36,86813240,-0.2561996144,MSFT
5/22/2025,450.875,460.25,448.91,450.18,90904344,-0.4358192404,MSFT
11/3/2025,208.08,211.335,197.93,198.69,369186605,-4.877931565,NVDA
10/30/2025,189.99,212.1899,188.4318,202.49,1118935069,-0.8201484289,NVDA
10/23/2025,183.13,187.47,176.76,186.26,657694826,-3.47840332,NVDA
10/16/2025,187.965,190.1099,177.29,183.22,926433143,-5.679248796,NVDA
10/9/2025,185.5,195.62,182.05,183.16,879706566,-1.859838275,NVDA
10/2/2025,180.425,191.05,180.32,187.62,878292105,-0.05819592629,NVDA
9/25/2025,175.3,184.55,173.125,178.19,945921134,-1.240730177,NVDA
9/18/2025,175.67,178.85,168.41,176.67,928588607,-4.132748904,NVDA
9/11/2025,167.55,180.28,166.7401,177.82,824239845,-0.4833780961,NVDA
9/4/2025,170,172.41,164.07,167.02,758742472,-3.488235294,NVDA
8/28/2025,178.35,184.47,173.145,174.18,1092265621,-2.918418839,NVDA
8/21/2025,180.6,182.9375,168.801,177.99,845210180,-6.533222591,NVDA
8/14/2025,182.05,184.48,178.0417,180.45,750080237,-2.201757759,NVDA
8/7/2025,175.16,183.88,174.52,182.7,717049539,-0.3653802238,NVDA
7/31/2025,174.02,183.3,170.89,173.72,894627672,-1.798643834,NVDA
7/24/2025,172.75,174.72,164.58,173.5,721624080,-4.729377713,NVDA
7/17/2025,165.37,174.25,162.02,172.41,833732148,-2.025760416,NVDA
7/10/2025,158.2,167.89,157.342,164.92,823265781,-0.5423514539,NVDA
7/2/2025,158.4,160.98,151.49,159.34,722664103,-4.362373737,NVDA
6/26/2025,142.5,158.71,142.03,157.75,1072401818,-0.3298245614,NVDA
6/19/2025,143.345,146.2,142.65,143.85,726691944,-0.4848442569,NVDA
6/12/2025,143.19,145,140.855,141.97,851875991,-1.630700468,NVDA
6/5/2025,135.49,144,135.4,141.72,976759630,-0.06642556646,NVDA
5/29/2025,134.15,143.49,132.92,135.13,1200760777,-0.916884085,NVDA
5/22/2025,132.39,137.4,129.16,131.29,1011442834,-2.439761311,NVDA